{"_key_0":13.100000381469727,"float_key_1":1.100000023841858,"object_key_1":{"float_key_2":1001.0999755859375}}